-- phpMyAdmin SQL Dump
-- version 5.2.1
-- https://www.phpmyadmin.net/
--
-- Host: 127.0.0.1
-- Waktu pembuatan: 23 Agu 2024 pada 05.38
-- Versi server: 10.4.32-MariaDB
-- Versi PHP: 8.2.12

SET SQL_MODE = "NO_AUTO_VALUE_ON_ZERO";
START TRANSACTION;
SET time_zone = "+00:00";


/*!40101 SET @OLD_CHARACTER_SET_CLIENT=@@CHARACTER_SET_CLIENT */;
/*!40101 SET @OLD_CHARACTER_SET_RESULTS=@@CHARACTER_SET_RESULTS */;
/*!40101 SET @OLD_COLLATION_CONNECTION=@@COLLATION_CONNECTION */;
/*!40101 SET NAMES utf8mb4 */;

--
-- Database: `absensiqrcodepekerjasmknlabuang`
--

-- --------------------------------------------------------

--
-- Struktur dari tabel `absen`
--

CREATE TABLE `absen` (
  `id` int(11) NOT NULL,
  `nip` varchar(255) NOT NULL,
  `tanggal` date NOT NULL,
  `waktudatang` time NOT NULL,
  `keterangandatang` varchar(255) NOT NULL,
  `fotodatang` varchar(255) NOT NULL,
  `waktupulang` time NOT NULL,
  `keteranganpulang` varchar(255) NOT NULL,
  `fotopulang` varchar(255) NOT NULL,
  `keterangantakabsen` varchar(255) NOT NULL,
  `keterangankhusus` varchar(255) NOT NULL
) ENGINE=InnoDB DEFAULT CHARSET=utf8mb4 COLLATE=utf8mb4_general_ci;

--
-- Dumping data untuk tabel `absen`
--

INSERT INTO `absen` (`id`, `nip`, `tanggal`, `waktudatang`, `keterangandatang`, `fotodatang`, `waktupulang`, `keteranganpulang`, `fotopulang`, `keterangantakabsen`, `keterangankhusus`) VALUES
(139, '196612312014122007', '2024-07-22', '08:28:44', 'Hadir', '', '00:00:00', '', '', '', ''),
(141, '197907192014092002', '2024-07-20', '11:31:13', 'Hadir', '', '16:00:00', 'Pulang Tepat Waktu', '', '', 'Libur testing nak healing'),
(143, '197907192014092002', '2024-07-23', '00:00:00', '', '', '14:11:11', 'Pulang Tepat Waktu', '', 'Izin', ''),
(147, '196612312014122007', '2024-07-24', '05:53:09', 'Hadir', '', '14:33:34', 'Pulang Tepat Waktu', '', '', ''),
(148, '197907192014092002', '2024-07-24', '00:00:00', '', '', '14:33:42', 'Pulang Tepat Waktu', '', '', ''),
(153, '197907192014092002', '2024-07-25', '00:00:00', '', '', '11:16:11', 'Pulang Tepat Waktu', '', '', ''),
(154, '196612312014122007', '2024-07-25', '00:00:00', '', '', '14:51:11', 'Pulang Tepat Waktu', '', '', ''),
(155, 'Ilham,SE', '2024-07-25', '07:29:54', 'Hadir', '', '00:00:00', '', '', '', ''),
(156, '197907192014092002', '2024-07-26', '00:00:00', '', '', '11:16:11', 'Pulang Tepat Waktu', '', '', ''),
(157, '196612312014122007', '2024-07-26', '00:00:00', '', '', '14:51:11', 'Pulang Tepat Waktu', '', '', ''),
(158, '199801272024211008', '2024-07-26', '08:29:35', 'Hadir', '', '14:51:11', 'Pulang Tepat Waktu', '', '', ''),
(160, '197907192014092002', '2024-07-27', '06:29:35', 'Hadir', '', '14:31:00', 'Pulang Tepat Waktu', '', '', 'Testing 123 Tidak lama lagi 456 Ah Aku Sakit Jadi Izin Sakit'),
(221, '197907192014092002', '2024-07-29', '07:29:35', 'Hadir', '196612312014122007_1722489463.png', '14:51:11', 'Pulang Tepat Waktu', '196612312014122007_1722509575.png', '', ''),
(222, '197207022005011010', '2024-07-29', '07:22:29', 'Hadir', '', '13:31:00', 'Pulang Tepat Waktu', '', '', ''),
(223, '197207022005011010', '2024-07-22', '00:00:00', '', '', '00:00:00', '', '', 'Dinas Luar', ''),
(225, '196612312014122007', '2024-07-29', '07:29:35', 'Hadir', '', '00:00:00', '', '', 'Dinas Luar', ''),
(226, '199801272024211008', '2024-07-29', '00:00:00', '', '', '14:11:00', 'Pulang Tepat Waktu', '', 'Izin', ''),
(308, 'Ilham,SE', '2024-07-29', '08:00:00', 'Hadir', '', '14:11:11', 'Pulang Tepat Waktu', '', '', ''),
(309, '79798567343', '0000-00-00', '06:22:29', 'Hadir', '', '00:00:00', '', '', 'Sakit', ''),
(310, '196612312014122007', '2024-08-06', '06:29:35', 'Hadir', '', '00:00:00', '', '', 'Alpa', ''),
(311, '197907192014092002', '2024-08-06', '00:00:00', '', '', '00:00:00', '', '', 'Izin', ''),
(312, '199801272024211008', '2024-08-06', '00:00:00', '', '', '00:00:00', '', '', 'Dinas Luar', ''),
(313, '197907192014092002', '2024-08-07', '08:20:10', 'Hadir', '197907192014092002_1723036810.png', '21:30:44', 'Pulang Cepat', '197907192014092002_1723037444.png', 'Dinas Luar', ''),
(314, '199801272024211008', '2024-08-16', '00:00:00', '', '', '00:00:00', '', '', 'Sakit', ''),
(315, '197907192014092002', '2024-08-16', '00:00:00', '', '', '00:00:00', '', '', 'Izin', ''),
(316, '197207022005011010', '2024-08-19', '00:00:00', '', '', '00:00:00', '', '', 'Dinas Luar', ''),
(317, '197207022005011010', '2024-08-17', '00:00:00', '', '', '00:00:00', '', '', '', 'testing 123 melayang  layang 789 turunke 0'),
(318, '197907192014092002', '2024-08-20', '09:38:59', 'Hadir', '197907192014092002_1724117939.png', '00:00:00', '', '', 'Alpa', ''),
(320, '199801272024211008', '2024-08-17', '00:00:00', '', '', '00:00:00', '', '', '', 'lo8gjutghfhgh'),
(321, '19720702200501101098765', '2024-08-20', '00:00:00', '', '', '14:00:00', 'Pulang Tepat Waktu', '', 'Izin', ''),
(322, '197207022005011010', '2024-08-20', '00:00:00', '', '', '00:00:00', '', '', 'Izin', ''),
(326, '197207022005011010', '2024-08-22', '00:00:00', '', '', '16:00:00', 'Pulang Tepat Waktu', '', 'Izin', ''),
(327, '197207022005011010', '2024-08-22', '07:30:00', 'Hadir', '', '16:00:00', 'Pulang Tepat Waktu', '', '', ''),
(328, '197207022005011010', '2024-08-22', '09:00:00', 'Hadir', '', '14:00:00', 'Pulang Tepat Waktu', '', '', ''),
(329, '197207022005011010', '2024-08-23', '09:00:00', 'Hadir', '', '11:45:01', 'Pulang Tepat Waktu', '', '', ''),
(330, '197907192014092002', '2024-08-23', '11:16:46', 'Hadir', '197907192014092002_1724383006.png', '11:27:16', 'Pulang Tepat Waktu', '197907192014092002_1724383636.png', '', '');

-- --------------------------------------------------------

--
-- Struktur dari tabel `akses`
--

CREATE TABLE `akses` (
  `aksesid` int(11) NOT NULL,
  `kodeakses` varchar(255) NOT NULL,
  `qrcode` varchar(255) NOT NULL
) ENGINE=InnoDB DEFAULT CHARSET=utf8mb4 COLLATE=utf8mb4_general_ci;

--
-- Dumping data untuk tabel `akses`
--

INSERT INTO `akses` (`aksesid`, `kodeakses`, `qrcode`) VALUES
(5, '12345678', '1588762993_qrcode (6).png'),
(7, 'qazwsxed', '295966891_qrcode.png'),
(8, 'plokmijn', '97138218_qrcode (2).png'),
(9, 'kljyknshk', '989427883_qrcode.png');

-- --------------------------------------------------------

--
-- Struktur dari tabel `golongan`
--

CREATE TABLE `golongan` (
  `golonganid` int(11) NOT NULL,
  `golongan` varchar(255) NOT NULL
) ENGINE=InnoDB DEFAULT CHARSET=utf8mb4 COLLATE=utf8mb4_general_ci;

--
-- Dumping data untuk tabel `golongan`
--

INSERT INTO `golongan` (`golonganid`, `golongan`) VALUES
(1, 'III.b'),
(2, 'IV.b'),
(3, 'IX'),
(5, 'Tidak Memiliki');

-- --------------------------------------------------------

--
-- Struktur dari tabel `jabatan`
--

CREATE TABLE `jabatan` (
  `jabatanid` int(11) NOT NULL,
  `jabatan` varchar(255) NOT NULL
) ENGINE=InnoDB DEFAULT CHARSET=utf8mb4 COLLATE=utf8mb4_general_ci;

--
-- Dumping data untuk tabel `jabatan`
--

INSERT INTO `jabatan` (`jabatanid`, `jabatan`) VALUES
(12, 'STAF'),
(13, 'Kepala Tata Usaha'),
(14, 'Kepala Sekolah'),
(15, 'Guru'),
(17, 'PTT'),
(20, 'GTT');

-- --------------------------------------------------------

--
-- Struktur dari tabel `outprint`
--

CREATE TABLE `outprint` (
  `outprintid` int(11) NOT NULL,
  `outprintas` varchar(255) NOT NULL
) ENGINE=InnoDB DEFAULT CHARSET=utf8mb4 COLLATE=utf8mb4_general_ci;

--
-- Dumping data untuk tabel `outprint`
--

INSERT INTO `outprint` (`outprintid`, `outprintas`) VALUES
(1, 'PEGAWAI NEGERI SIPIL (PNS) DAN PPPK'),
(2, 'GURU TIDAK TETAP ( GTT )'),
(3, 'PEGAWAI TIDAK TETAP ( PTT )');

-- --------------------------------------------------------

--
-- Struktur dari tabel `pangkat`
--

CREATE TABLE `pangkat` (
  `pangkatid` int(11) NOT NULL,
  `pangkat` varchar(255) NOT NULL
) ENGINE=InnoDB DEFAULT CHARSET=utf8mb4 COLLATE=utf8mb4_general_ci;

--
-- Dumping data untuk tabel `pangkat`
--

INSERT INTO `pangkat` (`pangkatid`, `pangkat`) VALUES
(7, 'Penata Muda Tk.I'),
(8, 'Pembina Tk.I'),
(10, 'Ahli Pertama'),
(12, 'Penata Muda'),
(14, 'Tidak Memiliki');

-- --------------------------------------------------------

--
-- Struktur dari tabel `pekerja`
--

CREATE TABLE `pekerja` (
  `idpekerja` int(11) NOT NULL,
  `nip` varchar(255) NOT NULL,
  `nama` varchar(255) NOT NULL,
  `fotopekerja` varchar(255) NOT NULL,
  `jabatanid` int(11) NOT NULL,
  `pangkatid` int(11) NOT NULL,
  `golonganid` int(11) NOT NULL,
  `jk` varchar(255) NOT NULL,
  `outprintid` int(11) NOT NULL
) ENGINE=InnoDB DEFAULT CHARSET=utf8mb4 COLLATE=utf8mb4_general_ci;

--
-- Dumping data untuk tabel `pekerja`
--

INSERT INTO `pekerja` (`idpekerja`, `nip`, `nama`, `fotopekerja`, `jabatanid`, `pangkatid`, `golonganid`, `jk`, `outprintid`) VALUES
(25, '197907192014092002', 'Andi Jumriani, S.E', '1552915212_Gambar WhatsApp 2024-07-22 pukul 06.06.17_96476059.jpg', 12, 7, 1, 'Perempuan', 1),
(28, '197207022005011010', 'Darwis, S.S., M. Pd.', '2050040851_4636.jpg', 14, 8, 2, 'Laki-Laki', 1),
(29, '196612312014122007', 'Harmawati. H, S.Sos', '1058227182__7c6dac42-2d2c-4352-b5a8-5d7999df8290-removebg-preview.png', 13, 7, 1, 'Perempuan', 1),
(31, '199801272024211008', 'Abdul Wahab S.T', '564736858_Gambar WhatsApp 2024-02-28 pukul 14.48.52_2ae08e11.jpg', 15, 10, 3, 'Laki-Laki', 1),
(32, 'Ilham,SE', 'Ilham,SE', '930695107_user.png', 17, 14, 5, 'Laki-Laki', 3),
(33, '79798567343', 'Siti Aisyah', '767319104_20240729011630559.jpg', 20, 14, 5, 'Perempuan', 2),
(34, '4390450959032423', 'aldi munawir', '1009165047_20240729011630559-1-removebg-preview.png', 17, 12, 1, 'Laki-Laki', 3),
(38, '19720702200501101098765', 'jack', '1644258546__2f46249a-0883-4e9d-a979-df0b78ceca77.jpeg', 17, 14, 5, 'Laki-Laki', 2);

-- --------------------------------------------------------

--
-- Struktur dari tabel `user`
--

CREATE TABLE `user` (
  `userid` int(11) NOT NULL,
  `username` varchar(255) NOT NULL,
  `password` varchar(255) NOT NULL,
  `email` varchar(255) NOT NULL,
  `namalengkap` varchar(255) NOT NULL,
  `nip` varchar(255) NOT NULL,
  `alamat` text NOT NULL,
  `fotouser` varchar(255) NOT NULL,
  `role` varchar(255) NOT NULL,
  `hakakses` varchar(255) NOT NULL,
  `jabatanid` int(11) NOT NULL,
  `pangkatid` int(11) NOT NULL,
  `golonganid` int(11) NOT NULL,
  `idpekerja` int(11) NOT NULL
) ENGINE=InnoDB DEFAULT CHARSET=utf8mb4 COLLATE=utf8mb4_general_ci;

--
-- Dumping data untuk tabel `user`
--

INSERT INTO `user` (`userid`, `username`, `password`, `email`, `namalengkap`, `nip`, `alamat`, `fotouser`, `role`, `hakakses`, `jabatanid`, `pangkatid`, `golonganid`, `idpekerja`) VALUES
(24, 'user', '12345678', 'user1@gmail.com', 'User', '10702 76493892 2 231', 'Puppole', '2119435689_Screenshot (19).png', 'Admin', 'Diizinkan', 12, 7, 1, 25),
(33, 'wahab', '12345678', 'wahab@gmail.com', 'Abdul Wahab S.T', '', 'Desa Suruang', '1406930735_Gambar WhatsApp 2024-02-28 pukul 14.48.52_2ae08e11.jpg', 'Guru', 'Diizinkan', 15, 10, 3, 31),
(37, 'darwis', '12345678', 'darwis@gmail.com', 'Darwis, S.S., M. Pd.', '19720702 200501 1 010', 'Entahlah', '598296547_4636.jpg', 'Kepala Sekolah', 'Diizinkan', 14, 8, 2, 28),
(48, 'harma', '12345678', 'harma@gmail.com', 'Harmawati. H, S.Sos', '19661231 201412 2 007', 'Entahlah', '1066802443__7c6dac42-2d2c-4352-b5a8-5d7999df8290.jpeg', 'Kepala Tata Usaha', 'Diizinkan', 13, 7, 1, 29);

--
-- Indexes for dumped tables
--

--
-- Indeks untuk tabel `absen`
--
ALTER TABLE `absen`
  ADD PRIMARY KEY (`id`);

--
-- Indeks untuk tabel `akses`
--
ALTER TABLE `akses`
  ADD PRIMARY KEY (`aksesid`);

--
-- Indeks untuk tabel `golongan`
--
ALTER TABLE `golongan`
  ADD PRIMARY KEY (`golonganid`);

--
-- Indeks untuk tabel `jabatan`
--
ALTER TABLE `jabatan`
  ADD PRIMARY KEY (`jabatanid`);

--
-- Indeks untuk tabel `outprint`
--
ALTER TABLE `outprint`
  ADD PRIMARY KEY (`outprintid`);

--
-- Indeks untuk tabel `pangkat`
--
ALTER TABLE `pangkat`
  ADD PRIMARY KEY (`pangkatid`);

--
-- Indeks untuk tabel `pekerja`
--
ALTER TABLE `pekerja`
  ADD PRIMARY KEY (`idpekerja`),
  ADD KEY `jurusanid` (`pangkatid`),
  ADD KEY `kelasid` (`jabatanid`),
  ADD KEY `golonganid` (`golonganid`),
  ADD KEY `outprintid` (`outprintid`);

--
-- Indeks untuk tabel `user`
--
ALTER TABLE `user`
  ADD PRIMARY KEY (`userid`),
  ADD KEY `idpekerja` (`idpekerja`);

--
-- AUTO_INCREMENT untuk tabel yang dibuang
--

--
-- AUTO_INCREMENT untuk tabel `absen`
--
ALTER TABLE `absen`
  MODIFY `id` int(11) NOT NULL AUTO_INCREMENT, AUTO_INCREMENT=331;

--
-- AUTO_INCREMENT untuk tabel `akses`
--
ALTER TABLE `akses`
  MODIFY `aksesid` int(11) NOT NULL AUTO_INCREMENT, AUTO_INCREMENT=11;

--
-- AUTO_INCREMENT untuk tabel `golongan`
--
ALTER TABLE `golongan`
  MODIFY `golonganid` int(11) NOT NULL AUTO_INCREMENT, AUTO_INCREMENT=13;

--
-- AUTO_INCREMENT untuk tabel `jabatan`
--
ALTER TABLE `jabatan`
  MODIFY `jabatanid` int(11) NOT NULL AUTO_INCREMENT, AUTO_INCREMENT=21;

--
-- AUTO_INCREMENT untuk tabel `outprint`
--
ALTER TABLE `outprint`
  MODIFY `outprintid` int(11) NOT NULL AUTO_INCREMENT, AUTO_INCREMENT=6;

--
-- AUTO_INCREMENT untuk tabel `pangkat`
--
ALTER TABLE `pangkat`
  MODIFY `pangkatid` int(11) NOT NULL AUTO_INCREMENT, AUTO_INCREMENT=19;

--
-- AUTO_INCREMENT untuk tabel `pekerja`
--
ALTER TABLE `pekerja`
  MODIFY `idpekerja` int(11) NOT NULL AUTO_INCREMENT, AUTO_INCREMENT=39;

--
-- AUTO_INCREMENT untuk tabel `user`
--
ALTER TABLE `user`
  MODIFY `userid` int(11) NOT NULL AUTO_INCREMENT, AUTO_INCREMENT=49;

--
-- Ketidakleluasaan untuk tabel pelimpahan (Dumped Tables)
--

--
-- Ketidakleluasaan untuk tabel `pekerja`
--
ALTER TABLE `pekerja`
  ADD CONSTRAINT `pekerja_ibfk_1` FOREIGN KEY (`jabatanid`) REFERENCES `jabatan` (`jabatanid`) ON DELETE CASCADE ON UPDATE CASCADE,
  ADD CONSTRAINT `pekerja_ibfk_2` FOREIGN KEY (`golonganid`) REFERENCES `golongan` (`golonganid`) ON DELETE CASCADE ON UPDATE CASCADE,
  ADD CONSTRAINT `pekerja_ibfk_3` FOREIGN KEY (`pangkatid`) REFERENCES `pangkat` (`pangkatid`) ON DELETE CASCADE ON UPDATE CASCADE;
COMMIT;

/*!40101 SET CHARACTER_SET_CLIENT=@OLD_CHARACTER_SET_CLIENT */;
/*!40101 SET CHARACTER_SET_RESULTS=@OLD_CHARACTER_SET_RESULTS */;
/*!40101 SET COLLATION_CONNECTION=@OLD_COLLATION_CONNECTION */;
